{
    "coefficients": {
        "Intercept": -5.691347269021207e-07,
        "sumcasht_1": 4.059071668735016e-14,
        "diffcasht_1": 5.455346613493896e-15,
        "ddmpat_1": -7.537853154160334e-12,
        "DIMA": 6.23160545387691e-08,
        "DIBU": 1.0365084079921871e-07,
        "Ddofa": -1.4627714506332268e-07,
        "Ddll": -6.907704346303944e-07,
        "realr": -3.5237792417319724e-06,
        "FAAB": -3.657106901755469e-07,
        "Public": -2.95029349217657e-06,
        "ruralare": 5.095457709103357e-07,
        "largcity": -2.0142902457109813e-08,
        "market": 9.83537029242143e-05,
        "marketw": -0.009982967749238014
    },
    "model_info": {
        "n_features": 14,
        "n_samples_train": 64010,
        "n_samples_test": 16003,
        "n_outliers": 14,
        "huber_k": 1.345,
        "train_loss": 54576717824.0,
        "train_mae": 1099419.125,
        "val_loss": 57322397696.0,
        "val_mae": 1130571.375,
        "train_r2": -74209.578125,
        "test_r2": -18599.8828125
    }
}