{
    "coefficients": {
        "Intercept": -1883867.25,
        "sumcasht_1": -0.05622195824980736,
        "diffcasht_1": -0.018521761521697044,
        "ddmpat_1": -0.868465781211853,
        "DIMA": -2936.394775390625,
        "DIBU": -811647.3125,
        "Ddofa": -754044.875,
        "Ddll": -1093226.125,
        "realr": 547648.125,
        "FAAB": 1505363.875,
        "Public": -1002702.0625,
        "ruralare": -152231.140625,
        "largcity": -902909.4375,
        "market": 58058152.0,
        "marketw": -21194358784.0
    },
    "model_info": {
        "n_features": 14,
        "n_samples_train": 11955,
        "n_samples_test": 2989,
        "n_outliers": 14,
        "huber_k": 1.345,
        "train_loss": 3690115891200.0,
        "train_mae": 2413565.5,
        "val_loss": 3893291646976.0,
        "val_mae": 2452476.75,
        "train_r2": -21421.681640625,
        "test_r2": -5401.67236328125
    }
}