{
    "coefficients": {
        "Intercept": 1684061.25,
        "sumcasht_1": 0.002300163498148322,
        "diffcasht_1": 0.000645036343485117,
        "ddmpat_1": 0.07438253611326218,
        "ddmpat_12": -2.4553148403327896e-09,
        "DIMA": -9809.7890625,
        "DIBU": 2452500.5,
        "Ddofa": 2184533.75,
        "Ddll": 878468.875,
        "realr": 1850.350341796875,
        "FAAB": -4293348.0,
        "Public": 9963208.0,
        "ruralare": -518433.8125,
        "largcity": 699906.625,
        "market": 283183872.0,
        "marketw": -482307.875
    },
    "model_info": {
        "n_features": 15,
        "n_samples_train": 8000,
        "n_samples_test": 2000,
        "n_outliers": 15,
        "huber_k": 1.345,
        "train_loss": 4111910912.0,
        "train_mae": 95677.3671875,
        "val_loss": 4690066944.0,
        "val_mae": 136012.453125,
        "train_r2": -15908.671875,
        "test_r2": -3966.788330078125
    }
}