{
  "coefficients": {
    "Intercept": -4.837516784667969,
    "sumcasht_1": -2.269150201072989e-09,
    "diffcasht_1": -8.824585506772564e-10,
    "ddmpat_1": -2.9038546927040443e-06,
    "ddmpat_12": -1.2381207170619746e-11,
    "ddmpat_13": 1.1223396615290399e-14,
    "DIMA": -0.07417483627796173,
    "DIBU": 0.9620614051818848,
    "Ddofa": 1.690761923789978,
    "Ddll": 0.33276116847991943,
    "realr": -0.21366345882415771,
    "FAAB": 0.44563794136047363,
    "Public": -0.1610126495361328,
    "ruralare": -0.18096216022968292,
    "largcity": 0.11578318476676941,
    "market": 0.14230036735534668,
    "marketw": 629.46875
  },
  "model_info": {
    "estimator": "binary_cloglog_irls_tf_model",
    "link_function": "complementary_log_log",
    "method": "iteratively_reweighted_least_squares",
    "framework": "tensorflow_keras_model",
    "optimization": "irls_with_early_stopping",
    "n_features": 16,
    "n_samples_train": 72000,
    "n_samples_test": 18000,
    "train_accuracy": 0.8899444444444444,
    "test_accuracy": 0.8853888888888889,
    "final_train_loss": 0.33645617961883545,
    "final_val_loss": 0.3451300263404846,
    "final_train_accuracy": 0.8899444341659546,
    "final_val_accuracy": 0.8853889107704163
  }
}