{
  "coefficients": {
    "Intercept": -4.980316162109375,
    "sumcasht_1": -2.943103538655123e-10,
    "diffcasht_1": -2.3211832456127013e-10,
    "ddmpat_1": -2.5775443646125495e-07,
    "ddmpat_12": 3.723421571066865e-11,
    "DIMA": -0.07361447811126709,
    "DIBU": 1.1390724182128906,
    "Ddofa": 1.7138862609863281,
    "Ddll": 0.3805196285247803,
    "realr": -0.8852872848510742,
    "FAAB": 0.46315813064575195,
    "Public": -0.21343231201171875,
    "ruralare": -0.18813902139663696,
    "largcity": 0.13533639907836914,
    "market": -0.5,
    "marketw": -545.7109375
  },
  "model_info": {
    "estimator": "binary_cloglog_irls_tf_model",
    "link_function": "complementary_log_log",
    "method": "iteratively_reweighted_least_squares",
    "framework": "tensorflow_keras_model",
    "optimization": "irls_with_early_stopping",
    "n_features": 15,
    "n_samples_train": 72000,
    "n_samples_test": 18000,
    "train_accuracy": 0.8895555555555555,
    "test_accuracy": 0.8862222222222222,
    "final_train_loss": 0.334442675113678,
    "final_val_loss": 0.34003421664237976,
    "final_train_accuracy": 0.8895555734634399,
    "final_val_accuracy": 0.886222243309021
  }
}