{
    "coefficients": {
        "Intercept": 416444.65625,
        "ddmcasht_1": -0.0039796289056539536,
        "ddmcasht_12": -1.9056177263335888e-13,
        "DIMA": 319793.96875,
        "DIBU": -66104.8671875,
        "Ddofa": 233833.296875,
        "Ddll": -261574.859375,
        "Ddsc": 500322.875,
        "realr": 2852.99560546875,
        "FAAB": -1440292.75,
        "Public": 19922900.0,
        "ruralare": -110112.90625,
        "largcity": 279192.0,
        "market": -1100962048.0,
        "marketw": 1359972.25
    },
    "model_info": {
        "n_features": 14,
        "n_samples_train": 32314,
        "n_samples_test": 8079,
        "n_outliers": 14,
        "huber_k": 1.345,
        "train_loss": 102886520.0,
        "train_mae": 10041.955078125,
        "val_loss": 103412832.0,
        "val_mae": 10186.4130859375,
        "train_r2": -64705.70703125,
        "test_r2": -16176.5009765625
    }
}