{
    "coefficients": {
        "Intercept": 390818.65625,
        "sumcaclt_1": 0.0003055012784898281,
        "diffcaclt_1": 0.0008761232602410018,
        "MAt_1": 0.042614005506038666,
        "I_MAt": 0.0646636039018631,
        "SMAt": -0.040974102914333344,
        "EDEPMAt": 1.6194902658462524,
        "EDEPMAt2": -3.0566016384625527e-10,
        "BUt_1": 0.05111114680767059,
        "I_BUt": 0.05967933312058449,
        "EDEPBUt": 1.3327502012252808,
        "EDEPBUt2": 9.685892088384662e-10,
        "dcat": 0.02417282946407795,
        "dcat2": -2.656293696286227e-13,
        "ddmpat_1": -0.0004919851198792458,
        "ddmpat_12": -1.528902231484608e-07,
        "ddmpat_13": 2.6203945697328423e-12,
        "dcasht_1": 3.929014201276004e-05,
        "dcasht_12": -1.5235231162381174e-15,
        "dclt": -0.020129719749093056,
        "dgnp": 1.4227479368855711e-05,
        "FAAB": -29369.583984375,
        "Public": -4785136.5,
        "ruralare": -108792.375,
        "largcity": 18601.453125,
        "market": 742026048.0,
        "marketw": 6179120.0
    },
    "model_info": {
        "n_features": 26,
        "n_samples_train": 72000,
        "n_samples_test": 18000,
        "n_outliers": 26,
        "huber_k": 1.345,
        "train_loss": 89328240.0,
        "train_mae": 5883.31396484375,
        "val_loss": 89135432.0,
        "val_mae": 5886.96533203125,
        "train_r2": -144022.859375,
        "test_r2": -35999.13671875
    }
}