{
    "coefficients": {
        "Intercept": 149814.953125,
        "sumcaclt_1": 0.00031115024466998875,
        "diffcaclt_1": 0.0008328152471221983,
        "MAt_1": 0.04256894066929817,
        "I_MAt": 0.06835885345935822,
        "SMAt": -0.046419814229011536,
        "EDEPMAt": 1.6332095861434937,
        "EDEPMAt2": -2.82339485124794e-10,
        "BUt_1": 0.05104552209377289,
        "I_BUt": 0.026252545416355133,
        "EDEPBUt": 1.3311331272125244,
        "EDEPBUt2": 3.4900216050459676e-09,
        "dcat": -0.06445403397083282,
        "dcat2": -5.691889966080374e-14,
        "ddmpat_1": 0.00952152255922556,
        "ddmpat_12": 1.5223477589643153e-07,
        "ddmpat_13": -9.48052313737291e-12,
        "dcasht_1": -4.4876636820845306e-05,
        "dcasht_12": 5.845562833832691e-15,
        "dclt": 0.05650728940963745,
        "dgnp": 4.819150490220636e-05,
        "FAAB": -69747.3359375,
        "Public": -4330200.5,
        "ruralare": -118683.78125,
        "largcity": 31559.93359375,
        "market": 1057328960.0,
        "marketw": 391790.15625
    },
    "model_info": {
        "n_features": 26,
        "n_samples_train": 72000,
        "n_samples_test": 18000,
        "n_outliers": 26,
        "huber_k": 1.345,
        "train_loss": 19398724.0,
        "train_mae": 3062.938720703125,
        "val_loss": 19442820.0,
        "val_mae": 3067.38623046875,
        "train_r2": -144006.953125,
        "test_r2": -35999.0
    }
}