{
    "coefficients": {
        "Intercept": 74971.3125,
        "I_BUt": 0.009521695785224438,
        "EDEPMAt": -0.054433226585388184,
        "EDEPMAt2": 4.2282327639142636e-10,
        "SMAt": 0.013117704540491104,
        "I_MAt": -0.010541249997913837,
        "I_MAt2": 1.3229787924895486e-11,
        "EDEPBUt": -0.30547234416007996,
        "EDEPBUt2": 2.9039428639521248e-09,
        "dcat": 0.02315571904182434,
        "dcat2": -1.2860084091376178e-12,
        "dofat": 0.041396379470825195,
        "OFAt_1": 0.04179694131016731,
        "CAt_1": 0.02504737488925457,
        "MAt_1": -0.0133732995018363,
        "BUt_1": 0.009208494797348976,
        "realr": 5759.08203125,
        "FAAB": 108462.5390625,
        "Public": 1011271.5,
        "ruralare": -27158.1171875,
        "largcity": -12685.5830078125,
        "market": -1140958336.0,
        "marketw": 29535152.0
    },
    "model_info": {
        "n_features": 22,
        "n_samples_train": 67872,
        "n_samples_test": 16969,
        "n_outliers": 22,
        "huber_k": 1.345,
        "train_loss": 2244758.0,
        "train_mae": 1342.7103271484375,
        "val_loss": 2300100.5,
        "val_mae": 1358.7855224609375,
        "train_r2": -135740.46875,
        "test_r2": -33936.96875
    }
}