{
    "coefficients": {
        "Intercept": -70795.984375,
        "I_BUt": 0.017515413463115692,
        "EDEPMAt": 0.08523837476968765,
        "SMAt": -0.005950122606009245,
        "I_MAt": -0.02176962047815323,
        "EDEPBUt": 0.1902296394109726,
        "OFAt_1": 0.014508407562971115,
        "MAt_1": 0.006558096967637539,
        "BUt_1": 0.021152598783373833,
        "LLt_1": 0.034894637763500214,
        "sumcaclt_1": 0.008138537406921387,
        "diffcaclt_1": -0.018368110060691833,
        "sumdcadclt": 0.008693702518939972,
        "diffdcadclt": -0.026315070688724518,
        "sumdofadllt": 0.02440301887691021,
        "diffdofadllt": -0.01019575260579586,
        "realr": -3343.113037109375,
        "FAAB": 32417.87109375,
        "Public": 564685.5,
        "ruralare": 3158.50341796875,
        "largcity": 31098.25390625,
        "market": 943222720.0,
        "marketw": -88323752.0
    },
    "model_info": {
        "n_features": 22,
        "n_samples_train": 67440,
        "n_samples_test": 16860,
        "n_outliers": 22,
        "huber_k": 1.345,
        "train_loss": 2620462.5,
        "train_mae": 1077.1202392578125,
        "val_loss": 2573471.25,
        "val_mae": 1069.201171875,
        "train_r2": -134872.171875,
        "test_r2": -33719.09765625
    }
}