{
    "coefficients": {
        "Intercept": -64191.1640625,
        "I_BUt": 0.020862385630607605,
        "EDEPMAt": 0.08417709171772003,
        "SMAt": -0.006508859805762768,
        "I_MAt": -0.021227750927209854,
        "EDEPBUt": 0.1910683512687683,
        "OFAt_1": 0.014487890526652336,
        "MAt_1": 0.00647932942956686,
        "BUt_1": 0.02117125503718853,
        "LLt_1": 0.03490167856216431,
        "sumcaclt_1": 0.008175268769264221,
        "diffcaclt_1": -0.018301328644156456,
        "sumdcadclt": 0.008161565288901329,
        "diffdcadclt": -0.01929383911192417,
        "sumdofadllt": 0.024387164041399956,
        "diffdofadllt": -0.010200310498476028,
        "realr": -417.0866394042969,
        "FAAB": 34658.60546875,
        "Public": 533550.0,
        "ruralare": 3564.304443359375,
        "largcity": 31235.1875,
        "market": 1502022400.0,
        "marketw": 142671232.0
    },
    "model_info": {
        "n_features": 22,
        "n_samples_train": 72000,
        "n_samples_test": 18000,
        "n_outliers": 22,
        "huber_k": 1.345,
        "train_loss": 23091709952.0,
        "train_mae": 396491.5,
        "val_loss": 21665773568.0,
        "val_mae": 362111.59375,
        "train_r2": -139029.71875,
        "test_r2": -34836.75390625
    }
}