{
    "coefficients": {
        "Intercept": -529548.3125,
        "LogScale": 13.799193382263184,
        "Scale": 983815.2282791645,
        "sumcasht_1": 0.00014637582353316247,
        "diffcasht_1": 0.00012029761273879558,
        "SMAt": -0.011301462538540363,
        "EDEPMAt": 0.9271356463432312,
        "EDEPMAt2": 5.320343277048778e-09,
        "I_MAt": 0.1730400174856186,
        "I_MAt2": -1.6809752478863516e-09,
        "ddmpat_1": 1.7952914237976074,
        "ddmpat_12": 4.5303419028641656e-05,
        "ddmpat_13": -1.3296796552708656e-08,
        "realr": 359703.21875,
        "FAAB": 117278.71875,
        "Public": -50531.98828125,
        "ruralare": 32448.19140625,
        "largcity": -43909.79296875,
        "market": -551838464.0,
        "marketw": -55107516.0
    },
    "model_info": {
        "n_features": 17,
        "n_samples_train": 72000,
        "n_samples_test": 18000,
        "n_outliers": 17,
        "train_loss": 11.373875617980957,
        "val_loss": 11.392104148864746
    }
}