{
    "coefficients": {
        "Intercept": -519471.5,
        "LogScale": 13.80356502532959,
        "Scale": 988125.5319905529,
        "sumcasht_1": 0.00012473099923226982,
        "diffcasht_1": 9.362088167108595e-05,
        "SMAt": -0.011923765763640404,
        "EDEPMAt": 0.9271220564842224,
        "EDEPMAt2": 5.308272932325053e-09,
        "I_MAt": 0.17281579971313477,
        "I_MAt2": -1.6728933793785927e-09,
        "ddmpat_1": 0.6285341382026672,
        "ddmpat_12": 0.00010453131108079106,
        "ddmpat_13": -4.7143924319925645e-09,
        "realr": 382668.3125,
        "FAAB": 118044.6953125,
        "Public": -51821.65234375,
        "ruralare": 32402.65625,
        "largcity": -43876.84765625,
        "market": -744440448.0,
        "marketw": -222081152.0
    },
    "model_info": {
        "n_features": 17,
        "n_samples_train": 72000,
        "n_samples_test": 18000,
        "n_outliers": 17,
        "train_loss": 11.386724472045898,
        "val_loss": 11.40231704711914
    }
}