{
    "coefficients": {
        "Intercept": 196881.5625,
        "sumcasht_1": -0.001064690644852817,
        "diffcasht_1": -0.00035057676723226905,
        "PALLOt_1": 0.11681438982486725,
        "ddmpat_1": -5.716694355010986,
        "DTDEPMA": 4176.53955078125,
        "realr": 708166.0625,
        "FAAB": -71715.1953125,
        "Public": 359798.09375,
        "ruralare": -8069.00927734375,
        "largcity": -436.14202880859375,
        "market": 25899534.0,
        "marketw": 6032526848.0
    },
    "model_info": {
        "n_features": 12,
        "n_samples_train": 15528,
        "n_samples_test": 3883,
        "n_outliers": 12,
        "huber_k": 1.345,
        "train_loss": 52062900224.0,
        "train_mae": 280844.1875,
        "val_loss": 51334840320.0,
        "val_mae": 279173.6875,
        "train_r2": -21759.23046875,
        "test_r2": -5499.03369140625
    }
}