{
    "coefficients": {
        "Intercept": -330791.1875,
        "sumcasht_1": -0.007020011078566313,
        "diffcasht_1": -0.0017900033853948116,
        "ddmpat_1": -0.0004162855038885027,
        "DTDEPMA": 5240.02392578125,
        "DZPF": 49005.546875,
        "realr": -79.65719604492188,
        "FAAB": 128362.6953125,
        "Public": -315257.65625,
        "ruralare": 7924.53759765625,
        "largcity": -28112.556640625,
        "market": -5819068.5,
        "marketw": 139938.265625
    },
    "model_info": {
        "n_features": 12,
        "n_samples_train": 4516,
        "n_samples_test": 1130,
        "n_outliers": 12,
        "huber_k": 1.345,
        "train_loss": 806867840.0,
        "train_mae": 59308.86328125,
        "val_loss": 929279936.0,
        "val_mae": 66698.484375,
        "train_r2": -8827.6416015625,
        "test_r2": -2196.311279296875
    }
}