{
    "coefficients": {
        "Intercept1": -2.390531063079834,
        "Intercept2": 0.9522462487220764,
        "sumcasht_1": 6.335877378305099e-10,
        "diffcasht_1": 2.4208940407888235e-10,
        "ddmpat_1": 9.52475716076151e-08,
        "ddmpat_12": 1.3662145199877518e-11,
        "ddmpat_13": -7.46011308690132e-15,
        "DTDEPMA": 0.38825270533561707,
        "DZPF": 0.3166015148162842,
        "realr": -0.3792535066604614,
        "FAAB": 0.09801308810710907,
        "Public": -0.08408580720424652,
        "ruralare": 0.016584988683462143,
        "largcity": -0.009474419988691807,
        "market": 0.06402502954006195,
        "marketw": -164.0330352783203
    },
    "model_info": {
        "n_features": 14,
        "n_samples_train": 72000,
        "n_samples_test": 18000,
        "train_accuracy": 0.7541388869285583,
        "train_loss": 0.6876288652420044,
        "val_accuracy": 0.758055567741394,
        "val_loss": 0.677569568157196
    }
}