{
    "coefficients": {
        "Intercept": 1042458.25,
        "sumcasht_1": 0.0002508689649403095,
        "diffcasht_1": -6.0036807553842664e-05,
        "ddmpat_1": 0.014625377021729946,
        "ddmpat_12": -1.7243207750539113e-08,
        "DTDEPMA": 461101.8125,
        "DZPF": 63313.19921875,
        "realr": 115.88494873046875,
        "FAAB": -1186292.375,
        "Public": 4038977.0,
        "ruralare": -53932.81640625,
        "largcity": 194701.84375,
        "market": 43771864.0,
        "marketw": 506159.875
    },
    "model_info": {
        "n_features": 13,
        "n_samples_train": 13128,
        "n_samples_test": 3283,
        "n_outliers": 13,
        "huber_k": 1.345,
        "train_loss": 48.538578033447266,
        "train_mae": 7.880059242248535,
        "val_loss": 48.14834213256836,
        "val_mae": 7.829806804656982,
        "train_r2": -26255.046875,
        "test_r2": -6565.00439453125
    }
}