{
    "coefficients": {
        "Intercept1": -3.0087008476257324,
        "Intercept2": 0.37636131048202515,
        "sumcasht_1": 4.075678683435058e-10,
        "diffcasht_1": 9.079040297343965e-11,
        "ddmpat_1": -2.3962813884281786e-06,
        "ddmpat_12": 2.0077514303884492e-11,
        "ddmpat_13": 9.258201403596327e-15,
        "DTDEPMA": 0.24390104413032532,
        "DZPF": 0.15232813358306885,
        "realr": 0.011053316295146942,
        "FAAB": -0.02523677423596382,
        "Public": 0.13796736299991608,
        "ruralare": 0.007100513204932213,
        "largcity": 0.03711239993572235,
        "market": -0.4720643162727356,
        "marketw": -730.9583740234375
    },
    "model_info": {
        "n_features": 14,
        "n_samples_train": 72000,
        "n_samples_test": 18000,
        "train_accuracy": 0.6039860844612122,
        "train_loss": 0.7923435568809509,
        "val_accuracy": 0.6023889183998108,
        "val_loss": 0.7938427925109863
    }
}