{
    "coefficients": {
        "Intercept": 915280.75,
        "OIBDt": -0.8271915316581726,
        "OIBDt2": -6.67454264600964e-13,
        "FIt": -0.14808057248592377,
        "FEt": 0.17425958812236786,
        "TDEPMAt": 0.7713889479637146,
        "TDEPMAt2": 4.2050394416515147e-11,
        "EDEPBUt": 2.0254085063934326,
        "EDEPBUt2": 4.174872891837822e-09,
        "ZPFt": 0.0030796995852142572,
        "dourt": -8.077728853095323e-05,
        "dgnp": -1.1635988812486175e-05,
        "FAAB": 843409.75,
        "Public": -2780529.75,
        "ruralare": 9555.216796875,
        "largcity": -554010.6875,
        "market": 369384640.0,
        "marketw": -3464272.0
    },
    "model_info": {
        "n_features": 17,
        "n_samples_train": 45985,
        "n_samples_test": 11497,
        "n_outliers": 17,
        "huber_k": 1.345,
        "train_loss": 3632264.0,
        "train_mae": 1856.4012451171875,
        "val_loss": 3651661.25,
        "val_mae": 1898.3116455078125,
        "train_r2": -91999.1015625,
        "test_r2": -23000.484375
    }
}