{
    "coefficients": {
        "Intercept1": -1.5933195352554321,
        "Intercept2": 0.9832642674446106,
        "dourt": -3.955839655844784e-09,
        "GCt": 6.322970591554622e-08,
        "DTDEPMA": 0.17517070472240448,
        "DZPF": -0.00640387088060379,
        "realr": -0.470902681350708,
        "FAAB": -0.24190503358840942,
        "Public": -0.1375049352645874,
        "ruralare": 0.007223122287541628,
        "largcity": -0.08451025187969208,
        "market": 2.031383991241455,
        "marketw": -1156.5887451171875
    },
    "model_info": {
        "n_features": 11,
        "n_samples_train": 72000,
        "n_samples_test": 18000,
        "train_accuracy": 0.7247757911682129,
        "train_loss": 0.6596898436546326,
        "val_accuracy": 0.7240079641342163,
        "val_loss": 0.6602423787117004
    }
}