{
    "coefficients": {
        "Intercept": 647644.625,
        "dourt": 0.007589595392346382,
        "GCt": 0.9970004558563232,
        "DTDEPMA": 41895.9375,
        "DZPF": -67074.9140625,
        "realr": 130.2565155029297,
        "FAAB": -543338.6875,
        "Public": 380887.34375,
        "ruralare": 12607.98828125,
        "largcity": 153405.109375,
        "market": 20679536.0,
        "marketw": -483919.46875
    },
    "model_info": {
        "n_features": 11,
        "n_samples_train": 3054,
        "n_samples_test": 764,
        "n_outliers": 11,
        "huber_k": 1.345,
        "train_loss": 37.51015090942383,
        "train_mae": 6.848002910614014,
        "val_loss": 39.804969787597656,
        "val_mae": 7.029840469360352,
        "train_r2": -6107.0048828125,
        "test_r2": -1527.00048828125
    }
}