{
    "coefficients": {
        "Intercept": -195780.09375,
        "dourt": -0.0009300074307247996,
        "GCt": 0.990699827671051,
        "DTDEPMA": 248543.25,
        "DZPF": 66999.7734375,
        "realr": -60.72034454345703,
        "FAAB": -73379.640625,
        "Public": -843530.6875,
        "ruralare": 37518.26953125,
        "largcity": -143196.953125,
        "market": 10076630.0,
        "marketw": 137576.390625
    },
    "model_info": {
        "n_features": 11,
        "n_samples_train": 14636,
        "n_samples_test": 3659,
        "n_outliers": 11,
        "huber_k": 1.345,
        "train_loss": 10.90955924987793,
        "train_mae": 3.6528854370117188,
        "val_loss": 10.795605659484863,
        "val_mae": 3.643341302871704,
        "train_r2": -29270.970703125,
        "test_r2": -7316.99755859375
    }
}