{
    "coefficients": {
        "Intercept": 375641.6875,
        "sumcasht_1": 2.812652564898599e-05,
        "diffcasht_1": -3.0035002055228688e-05,
        "TDEPMAt_1": 0.5419037342071533,
        "MAt_1": 0.02880123443901539,
        "I_MAt_1": 0.0563029944896698,
        "I_MAt_12": -2.330898148106275e-11,
        "EDEPBUt_1": -0.0010867812670767307,
        "EDEPBUt_12": 1.8114984512429544e-10,
        "ddmtdmt_1": -0.00064225890673697,
        "ddmtdmt_12": -1.3654070062096846e-11,
        "dcat_1": -8.236362191382796e-05,
        "ddmpat_1": 0.0016273948131129146,
        "ddmpat_12": 2.8897616743961407e-08,
        "dclt_1": 5.5681368394289166e-05,
        "dgnp": 8.80168101957679e-07,
        "FAAB": -241335.46875,
        "Public": 512982.6875,
        "ruralare": -9548.37109375,
        "largcity": -1124.4625244140625,
        "market": 128581680.0,
        "marketw": -900517.4375
    },
    "model_info": {
        "n_features": 21,
        "n_samples_train": 57748,
        "n_samples_test": 14437,
        "n_outliers": 21,
        "huber_k": 1.345,
        "train_loss": 127022936.0,
        "train_mae": 23531.056640625,
        "val_loss": 125103808.0,
        "val_mae": 23555.447265625,
        "train_r2": -114069.8359375,
        "test_r2": -28512.43359375
    }
}