{
    "coefficients": {
        "Intercept": 361141.96875,
        "diffcasht_1": -3.764627399505116e-05,
        "TDEPMAt_1": 0.5425884127616882,
        "MAt_1": 0.029077526181936264,
        "I_MAt_1": 0.0559161975979805,
        "FAAB": -236026.171875,
        "Public": 508743.53125,
        "market": 88508424.0,
        "marketw": 80621224.0
    },
    "model_info": {
        "n_features": 8,
        "n_samples_train": 72000,
        "n_samples_test": 18000,
        "n_outliers": 8,
        "huber_k": 1.345,
        "train_loss": 18605371392.0,
        "train_mae": 273924.15625,
        "val_loss": 18427060224.0,
        "val_mae": 270708.65625,
        "train_r2": -138261.3125,
        "test_r2": -34562.84375
    }
}