{
  "coefficients": {
    "Intercept": 0.36322784423828125,
    "sumcasht_1": -4.04352107352679e-10,
    "diffcasht_1": -4.4926729003691435e-11,
    "TDEPMAt_1": 2.828430467616272e-08,
    "MAt_1": 1.664593796135705e-08,
    "I_MAt_1": 3.924471059235657e-08,
    "I_MAt_12": -2.6411372444818965e-15,
    "EDEPBUt_1": 4.367984729469754e-08,
    "EDEPBUt_12": 3.391514499795356e-14,
    "ddmtdmt_1": 3.1208884365696576e-09,
    "ddmtdmt_12": 3.6540493124782164e-16,
    "dcat_1": 4.0392876599071315e-08,
    "ddmpat_1": -6.467433877332951e-07,
    "ddmpat_12": 2.5701663020072374e-11,
    "dclt_1": -4.9056353645937634e-08,
    "dgnp": -3.498081824204746e-08,
    "FAAB": 0.35659193992614746,
    "Public": -0.20111465454101562,
    "ruralare": 0.11074833571910858,
    "largcity": -0.15943586826324463,
    "market": -1.75,
    "marketw": 3337.328125
  },
  "model_info": {
    "estimator": "binary_cloglog_irls_tf_model",
    "link_function": "complementary_log_log",
    "method": "iteratively_reweighted_least_squares",
    "framework": "tensorflow_keras_model",
    "optimization": "irls_with_early_stopping",
    "n_features": 21,
    "n_samples_train": 72000,
    "n_samples_test": 18000,
    "train_accuracy": 0.8017083333333334,
    "test_accuracy": 0.8027222222222222,
    "final_train_loss": 0.4738600254058838,
    "final_val_loss": 0.474200040102005,
    "final_train_accuracy": 0.8017122745513916,
    "final_val_accuracy": 0.802730143070221
  }
}