{
    "coefficients": {
        "Intercept": -84508.7265625,
        "OIBDt": 0.09090079367160797,
        "OIBDt2": -1.1599345615953549e-11,
        "FIt": 0.024403352290391922,
        "FIt2": 4.65520027040367e-12,
        "FEt": -0.023900898173451424,
        "FEt2": 2.7325964841590222e-12,
        "TDEPMAt": -0.0625007301568985,
        "TDEPMAt2": 1.2448960265420972e-11,
        "EDEPBUt": -0.21299947798252106,
        "EDEPBUt2": 9.556203606209124e-10,
        "dourt": 0.04820060357451439,
        "dourt2": 3.884591259772918e-11,
        "ZPFt": -0.3146994709968567,
        "PALLOt_1": 0.37730076909065247,
        "dgnp": 2.3617226361238863e-06,
        "FAAB": -11314.9248046875,
        "Public": 726235.4375,
        "ruralare": -23180.29296875,
        "largcity": 42745.8828125,
        "market": -11577959.0,
        "marketw": -635868.1875
    },
    "model_info": {
        "n_features": 21,
        "n_samples_train": 33796,
        "n_samples_test": 8449,
        "n_outliers": 21,
        "huber_k": 1.345,
        "train_loss": 39.89799880981445,
        "train_mae": 7.012908458709717,
        "val_loss": 39.10079574584961,
        "val_mae": 6.925872802734375,
        "train_r2": -67591.203125,
        "test_r2": -16897.03125
    }
}