{
    "coefficients": {
        "Intercept": -112459.59375,
        "PALLOt_1": 0.01030060462653637,
        "ZPFt": -0.00958123430609703,
        "TDEPMAt": 0.035302914679050446,
        "TDEPMAt2": -5.53654830315331e-11,
        "OIBDt": -0.011400307528674603,
        "OIBDt2": 2.4790801356200376e-11,
        "EDEPBUt": 0.2951943576335907,
        "EDEPBUt2": 3.0789992777613406e-10,
        "dourt": 0.0004159983654972166,
        "TLt": 0.9735992550849915,
        "FIt": -0.053002163767814636,
        "FEt": 0.2117006778717041,
        "dgnp": -4.610215910361148e-06,
        "FAAB": -29550.94140625,
        "Public": 345831.0625,
        "ruralare": -9897.8134765625,
        "largcity": 54710.08203125,
        "market": -7575363.5,
        "marketw": 1295177.125
    },
    "model_info": {
        "n_features": 19,
        "n_samples_train": 14115,
        "n_samples_test": 3529,
        "n_outliers": 19,
        "huber_k": 1.345,
        "train_loss": 78.22032928466797,
        "train_mae": 9.672239303588867,
        "val_loss": 79.1717300415039,
        "val_mae": 9.717784881591797,
        "train_r2": -28228.96484375,
        "test_r2": -7057.00341796875
    }
}