{
    "coefficients": {
        "Intercept": 13569.19140625,
        "sumcasht_1": -6.302222033127691e-08,
        "diffcasht_1": -2.3545823069071048e-08,
        "ZPFt": 0.0007262750877998769,
        "dmpat_1": -0.001760495943017304,
        "MPAt": 0.9965081214904785,
        "realr": 5.295053482055664,
        "FAAB": 5.167741775512695,
        "Public": -25.311880111694336,
        "ruralare": 5.688540458679199,
        "largcity": -6.524036407470703,
        "market": -407472832.0,
        "marketw": 504865.03125
    },
    "model_info": {
        "n_features": 12,
        "n_samples_train": 72000,
        "n_samples_test": 18000,
        "n_outliers": 12,
        "huber_k": 1.345,
        "train_loss": 249766.84375,
        "train_mae": 1654.4244384765625,
        "val_loss": 249515.765625,
        "val_mae": 1650.9249267578125,
        "train_r2": -143912.8125,
        "test_r2": -35969.71484375
    }
}