{
    "coefficients": {
        "Intercept1": -2.3490943908691406,
        "Intercept2": -1.3233535289764404,
        "sumcasht_1": -4.716682600047761e-11,
        "diffcasht_1": 9.897020009086432e-11,
        "TDEPMAt_1": -7.620757003223844e-08,
        "EDEPMAt": -6.4493184481762e-07,
        "EDEPMAt2": -8.877527009408352e-15,
        "MAt_1": 1.775800200221056e-07,
        "I_BUt_1": 1.4537212678078504e-07,
        "I_BUt_12": -4.36428093303679e-15,
        "EDEPBUt_1": 3.6927943369846616e-08,
        "EDEPBUt_12": 5.068258909345785e-14,
        "ddmtdmt_1": -1.438143737431119e-08,
        "ddmtdmt_12": -2.1471535588738194e-15,
        "dcat_1": 3.2507088576494425e-07,
        "ddmpat_1": -3.295161832284066e-08,
        "ddmpat_12": 4.453652030500521e-11,
        "dclt_1": -3.056279069824086e-07,
        "dgnp": 2.135228349686713e-08,
        "FAAB": 0.029488511383533478,
        "Public": -1.2959562540054321,
        "ruralare": -0.002123527228832245,
        "largcity": -0.011308372020721436,
        "market": 0.015743404626846313,
        "marketw": -1169.5577392578125
    },
    "model_info": {
        "n_features": 23,
        "n_samples_train": 72000,
        "n_samples_test": 18000,
        "train_accuracy": 0.3191794753074646,
        "train_loss": 1.0742491483688354,
        "val_accuracy": 0.3225299119949341,
        "val_loss": 1.0696206092834473
    }
}