{
    "coefficients": {
        "Intercept": -3359670.75,
        "sumcasht_1": -0.0001300009316764772,
        "diffcasht_1": -5.9989735746057704e-05,
        "sumcaclt_1": 0.00014048935554455966,
        "diffcaclt_1": -0.0003908652870450169,
        "TDEPMAt_1": 2.062584161758423,
        "EDEPMAt": -3.6127896308898926,
        "EDEPMAt2": 1.4868427322678457e-10,
        "MAt_1": 0.03269999846816063,
        "I_BUt_1": -6.995964940870181e-05,
        "EDEPBUt_1": 0.49974071979522705,
        "EDEPBUt_12": -5.60218493816933e-09,
        "ddmtdmt_1": 0.05469725653529167,
        "ddmpat_1": 0.02559487335383892,
        "dgnp": 2.8644479243666865e-05,
        "FAAB": 360783.9375,
        "Public": -210174.640625,
        "ruralare": -236979.046875,
        "largcity": 624164.5,
        "market": -111161032.0,
        "marketw": -518941.25
    },
    "model_info": {
        "n_features": 20,
        "n_samples_train": 4004,
        "n_samples_test": 1001,
        "n_outliers": 20,
        "huber_k": 1.345,
        "train_loss": 269.49615478515625,
        "train_mae": 18.334259033203125,
        "val_loss": 286.30853271484375,
        "val_mae": 18.848026275634766
    }
}