{
    "coefficients": {
        "Intercept": -522985.0625,
        "sumcasht_1": -5.001766112400219e-05,
        "diffcasht_1": 4.9914968258235604e-05,
        "EDEPMAt": -4.343593597412109,
        "MAt_1": 0.9754049777984619,
        "I_BUt_1": -0.0005148847703821957,
        "I_BUt_12": -1.3503008390244875e-12,
        "EDEPBUt_1": 0.05085233971476555,
        "EDEPBUt_12": 9.486306185024773e-11,
        "ddmtdmt_1": 0.049490805715322495,
        "dcat_1": 0.0015225947136059403,
        "ddmpat_1": 0.0024166994262486696,
        "ddmpat_12": -2.539962729031231e-08,
        "dclt_1": 0.0006796950474381447,
        "dclt_12": -1.2333815609458232e-12,
        "dgnp": 8.535910637874622e-06,
        "FAAB": -398516.125,
        "Public": 563985.6875,
        "ruralare": -142185.15625,
        "largcity": 252286.984375,
        "market": 99249144.0,
        "marketw": 1435753.875
    },
    "model_info": {
        "n_features": 21,
        "n_samples_train": 21676,
        "n_samples_test": 5419,
        "n_outliers": 21,
        "huber_k": 1.345,
        "train_loss": 7138790.0,
        "train_mae": 4182.19677734375,
        "val_loss": 7296057.5,
        "val_mae": 4278.42333984375
    }
}