{
    "coefficients": {
        "Intercept": 96674.234375,
        "EDEPMAt": -1.8224784135818481,
        "MAt_1": 0.419057697057724,
        "EDEPBUt_1": -0.022494785487651825,
        "ddmtdmt_1": -0.06307348608970642,
        "dcat_1": 0.08129721134901047,
        "dclt_1": -0.014364001341164112,
        "dgnp": 0.036511603742837906,
        "FAAB": -196033.8125,
        "largcity": 7028.9677734375,
        "market": -129760016.0
    },
    "model_info": {
        "n_features": 10,
        "n_samples_train": 72000,
        "n_samples_test": 18000,
        "n_outliers": 10,
        "huber_k": 1.345,
        "train_loss": 1091715661824.0,
        "train_mae": 1276920.375,
        "val_loss": 1068777340928.0,
        "val_mae": 1259129.0
    }
}