{
    "coefficients": {
        "Intercept": -1605587.75,
        "LogScale": 15.572754859924316,
        "Scale": 5796442.121261049,
        "sumcasht_1": -0.004681600723415613,
        "diffcasht_1": -0.0008714474970474839,
        "smat": 0.06402891874313354,
        "I_BUt_1": 0.12269929051399231,
        "EDEPBUt_1": 0.2262175977230072,
        "EDEPBUt_12": -2.2082491568653495e-07,
        "EDEPMAt": 1.8275851011276245,
        "TDEPMAt_1": -0.636819064617157,
        "TDEPMAt_12": 3.7110223782832463e-09,
        "ddmtdmt_1": -0.19674985110759735,
        "dcat_1": 0.38944047689437866,
        "ddmpat_1": -1.1232951879501343,
        "ddmpat_12": -0.0008894794736988842,
        "dclt_1": -0.31672629714012146,
        "dgnp": -0.059711333364248276,
        "FAAB": 733679.6875,
        "Public": -2679640.75,
        "ruralare": 240308.875,
        "largcity": -489677.03125,
        "market": -459819168.0,
        "marketw": 27607058432.0
    },
    "model_info": {
        "n_features": 21,
        "n_samples_train": 72000,
        "n_samples_test": 18000,
        "n_outliers": 21,
        "train_loss": 8.446964263916016,
        "val_loss": 8.466596603393555
    }
}