{
    "coefficients": {
        "Intercept": 334719.0,
        "sumcasht_1": -0.00010995424963766709,
        "diffcasht_1": -1.9987950508948416e-05,
        "sumcaclt_1": -3.976358857471496e-05,
        "diffcaclt_1": -5.0233018555445597e-05,
        "EDEPMAt": 0.04719991609454155,
        "EDEPMAt2": -1.1597080067093923e-11,
        "SMAt": -0.00276016048155725,
        "SMAt2": -1.9544331159981193e-13,
        "IMAt": 0.005390051286667585,
        "BUt_1": 0.02189943753182888,
        "ddmpat_1": -0.00493746530264616,
        "dgnp": 2.466173327775323e-06,
        "FAAB": -39494.3125,
        "Public": 113882.09375,
        "ruralare": -13567.7587890625,
        "largcity": -3829.794921875,
        "market": 43576628.0,
        "marketw": -144664.34375
    },
    "model_info": {
        "n_features": 18,
        "n_samples_train": 17224,
        "n_samples_test": 4306,
        "n_outliers": 18,
        "huber_k": 1.345,
        "train_loss": 63.7574462890625,
        "train_mae": 8.820327758789062,
        "val_loss": 63.87356185913086,
        "val_mae": 8.82094669342041,
        "train_r2": -34446.98828125,
        "test_r2": -8611.0009765625
    }
}