{
    "coefficients": {
        "Intercept": 1.5347645785368513e-06,
        "sumcasht_1": -7.69459711181061e-16,
        "diffcasht_1": -2.232640941410611e-16,
        "EDEPMAt": 6.43141232476818e-15,
        "EDEPMAt2": 7.967841484224047e-21,
        "SMAt": -7.68082869713211e-15,
        "IMAt": 1.346115135930138e-15,
        "BUt_1": -7.902725918324319e-14,
        "BUt_12": 1.991422784437209e-21,
        "dcat_1": 1.9638343685610127e-14,
        "ddmpat_1": 8.128888187575178e-13,
        "dclt_1": -1.9160144458974133e-14,
        "dgnp": 2.0326997141837397e-15,
        "FAAB": -1.4119069646767457e-07,
        "Public": -1.0256285065679549e-07,
        "ruralare": 4.682474354922306e-07,
        "largcity": -6.179728302413423e-07,
        "market": 0.0009429412893950939,
        "marketw": 0.004085698164999485
    },
    "model_info": {
        "n_features": 18,
        "n_samples_train": 72000,
        "n_samples_test": 18000,
        "n_outliers": 18,
        "huber_k": 1.345,
        "train_loss": 0.0065472605638206005,
        "train_mae": 0.25078752636909485,
        "val_loss": 0.006487061735242605,
        "val_mae": 0.24946531653404236,
        "train_r2": -94673.5625,
        "test_r2": -23627.9375
    }
}