{
    "coefficients": {
        "Intercept": 9.360447279505024e-07,
        "sumcasht_1": -1.2256407928092116e-15,
        "diffcasht_1": -3.889341565637864e-16,
        "sumcaclt_1": 2.429169367013876e-15,
        "diffcaclt_1": -1.5440822999338738e-15,
        "EDEPMAt": 1.5139284564072127e-15,
        "EDEPMAt2": 1.335757183324128e-20,
        "SMAt": -6.3975420183063226e-15,
        "SMAt2": -6.00374494251789e-22,
        "IMAt": 2.2714592437734138e-15,
        "BUt_1": 8.833289019672102e-15,
        "ddmpat_1": 1.6962219389488054e-12,
        "dgnp": -9.6069316442445e-15,
        "FAAB": -2.26725703100783e-07,
        "Public": -2.444885183194856e-07,
        "ruralare": 7.627656373188074e-07,
        "largcity": -1.1268866728642024e-06,
        "market": -0.0005483925924636424,
        "marketw": 0.005930876359343529
    },
    "model_info": {
        "n_features": 18,
        "n_samples_train": 72000,
        "n_samples_test": 18000,
        "n_outliers": 18,
        "huber_k": 1.345,
        "train_loss": 0.00694312946870923,
        "train_mae": 0.25131750106811523,
        "val_loss": 0.006871034391224384,
        "val_mae": 0.24997273087501526,
        "train_r2": -94673.5625,
        "test_r2": -23627.9375
    }
}