{
    "coefficients": {
        "Intercept": 6.951804607524537e-07,
        "sumcasht_1": -1.0360740780598703e-15,
        "diffcasht_1": -3.287806295068646e-16,
        "sumcaclt_1": 2.0575069798682132e-15,
        "diffcaclt_1": -1.3644770102815983e-15,
        "EDEPMAt": 1.2937145014394347e-15,
        "EDEPMAt2": 1.128090986382633e-20,
        "SMAt": -5.406618502104251e-15,
        "SMAt2": -5.074829798401685e-22,
        "IMAt": 1.92082572009276e-15,
        "BUt_1": 7.441111596795565e-15,
        "ddmpat_1": 1.4351993985611822e-12,
        "dgnp": -7.889056500621529e-15,
        "FAAB": -1.915310008371307e-07,
        "Public": -2.0519534871255019e-07,
        "ruralare": 6.445716849157179e-07,
        "largcity": -9.521676815893443e-07,
        "market": 0.0023440758232027292,
        "marketw": 0.005014473106712103
    },
    "model_info": {
        "n_features": 18,
        "n_samples_train": 72000,
        "n_samples_test": 18000,
        "n_outliers": 18,
        "huber_k": 1.345,
        "train_loss": 4211390208.0,
        "train_mae": 255942.125,
        "val_loss": 4156574464.0,
        "val_mae": 253798.265625,
        "train_r2": -93522.53125,
        "test_r2": -23334.296875
    }
}