{
    "coefficients": {
        "Intercept": 4333388.5,
        "sumcasht_1": -0.001550164888612926,
        "diffcasht_1": -0.0003700506058521569,
        "sumcaclt_1": -0.0003710139717441052,
        "diffcaclt_1": -0.0021034092642366886,
        "EDEPMAt": -0.23618829250335693,
        "EDEPMAt2": 3.515192303904513e-11,
        "SMAt": -0.1642986685037613,
        "IMAt": 0.09729970246553421,
        "EDEPBUt": 2.955268144607544,
        "EDEPBUt2": -1.3854613456487641e-08,
        "ddmpat_1": 0.007524888962507248,
        "dgnp": -2.6894753318629228e-05,
        "FAAB": -947476.25,
        "Public": 78026.1484375,
        "ruralare": -442734.125,
        "largcity": -711498.125,
        "market": 2358188544.0,
        "marketw": 877001.625
    },
    "model_info": {
        "n_features": 18,
        "n_samples_train": 63125,
        "n_samples_test": 15782,
        "n_outliers": 18,
        "huber_k": 1.345,
        "train_loss": 143041.5625,
        "train_mae": 169.71107482910156,
        "val_loss": 139119.1875,
        "val_mae": 167.28370666503906,
        "train_r2": -126254.9296875,
        "test_r2": -31562.970703125
    }
}