{
  "coefficients": {
    "Intercept": -4.460692882537842,
    "sumcasht_1": 3.4279561411665327e-09,
    "diffcasht_1": 1.0582814624626735e-09,
    "ddmpat_1": -1.843414452196157e-07,
    "ddmpat_12": 2.7162172511197014e-10,
    "DIMA": -0.47357177734375,
    "DIBU": -7.090887546539307,
    "realr": -0.04745292663574219,
    "FAAB": 1.1771539449691772,
    "Public": -0.7304189801216125,
    "ruralare": 1.1733503341674805,
    "largcity": -0.35124343633651733,
    "market": 0.634765625,
    "marketw": 257.03125
  },
  "model_info": {
    "estimator": "binary_cloglog_irls_tf_model",
    "link_function": "complementary_log_log",
    "method": "iteratively_reweighted_least_squares",
    "framework": "tensorflow_keras_model",
    "optimization": "irls_with_early_stopping",
    "n_features": 13,
    "n_samples_train": 72000,
    "n_samples_test": 18000,
    "train_accuracy": 0.9974444444444445,
    "test_accuracy": 0.9981666666666666,
    "final_train_loss": 0.02460823580622673,
    "final_val_loss": 0.02209756150841713,
    "final_train_accuracy": 0.9974444508552551,
    "final_val_accuracy": 0.9981666803359985
  }
}