{
    "coefficients": {
        "Intercept": -520691.5,
        "sumcasht_1": -0.0009404487209394574,
        "diffcasht_1": -0.00011275438009761274,
        "ddmpat_1": -2.824620485305786,
        "ddmpat_12": 0.000421160482801497,
        "DIMA": -45489.09765625,
        "DIBU": 0.0,
        "realr": -2994531.25,
        "FAAB": -51595.33984375,
        "Public": 18578.4296875,
        "ruralare": 58964.82421875,
        "largcity": 161569.625,
        "market": 365614.53125,
        "marketw": 431054272.0
    },
    "model_info": {
        "n_features": 13,
        "n_samples_train": 192,
        "n_samples_test": 49,
        "n_outliers": 13,
        "huber_k": 1.345,
        "train_loss": 149388869632.0,
        "train_mae": 460295.5625,
        "val_loss": 175041478656.0,
        "val_mae": 505671.28125,
        "train_r2": -0.010196089744567871,
        "test_r2": -0.08034467697143555
    }
}