{
    "coefficients": {
        "Intercept": 2374939.0,
        "sumcasht_1": -0.006139431614428759,
        "diffcasht_1": 0.0003922612522728741,
        "EDEPMAt": 0.12475287914276123,
        "EDEPMAt2": 1.0006805106765881e-10,
        "SMAt": -0.5029025077819824,
        "IMAt": 0.416801393032074,
        "EDEPBUt": 0.45427805185317993,
        "EDEPBUt2": -7.279214564448466e-09,
        "IBUt": 0.019192049279808998,
        "IBUt2": 2.813442187554749e-12,
        "dclt_1": -0.005980298388749361,
        "ddmpat_1": -0.017476048320531845,
        "ddmpat_12": -3.0076282797608656e-08,
        "dgnp": -1.938213790708687e-05,
        "FAAB": -1532907.25,
        "Public": 10225501.0,
        "ruralare": -386012.875,
        "largcity": 715601.9375,
        "market": -1096780032.0,
        "marketw": 872994.75
    },
    "model_info": {
        "n_features": 20,
        "n_samples_train": 72000,
        "n_samples_test": 18000,
        "n_outliers": 20,
        "huber_k": 1.345,
        "train_loss": 10100.611328125,
        "train_mae": 73.84886169433594,
        "val_loss": 10082.69140625,
        "val_mae": 73.5721206665039,
        "train_r2": -143992.46875,
        "test_r2": -35998.921875
    }
}