{
    "coefficients": {
        "Intercept": 3347293.75,
        "sumcasht_1": -0.00023990674526430666,
        "diffcasht_1": -0.0012299385853111744,
        "ddmpat_1": 0.19084420800209045,
        "ddmpat_12": -7.109933619631192e-08,
        "ddmpat_13": 1.5470102412637465e-12,
        "DIMA": 1013772.1875,
        "DIBU": -659864.5,
        "Ddofa": 951631.125,
        "realr": 1608.3748779296875,
        "FAAB": -6590677.5,
        "Public": 14494108.0,
        "ruralare": -344531.75,
        "largcity": 245525.046875,
        "market": -1202689152.0,
        "marketw": -1708422.25
    },
    "model_info": {
        "n_features": 15,
        "n_samples_train": 46175,
        "n_samples_test": 11544,
        "n_outliers": 15,
        "huber_k": 1.345,
        "train_loss": 846422.0625,
        "train_mae": 1967.1151123046875,
        "val_loss": 769960.0,
        "val_mae": 1695.662353515625,
        "train_r2": -92358.1640625,
        "test_r2": -23088.6015625
    }
}