{
    "coefficients": {
        "Intercept": 3885544.5,
        "sumcasht_1": -0.00201765401288867,
        "diffcasht_1": -0.0003633609740063548,
        "EDEPMAt": -0.1256840080022812,
        "EDEPMAt2": -1.589913756205874e-10,
        "SMAt": -0.14523936808109283,
        "IMAt": 0.13104434311389923,
        "EDEPBUt": 0.2169342190027237,
        "EDEPBUt2": -3.7475114567087076e-08,
        "IBUt": 0.4439333379268646,
        "IBUt2": 1.0042115750064085e-10,
        "ddmpat_1": -0.12128034234046936,
        "ddmpat_12": -1.5587377788506274e-07,
        "ddmpat_13": 1.0603194537661675e-11,
        "dcat": 0.7262302041053772,
        "dgnp": -4.065973371325526e-06,
        "FAAB": -131664.46875,
        "Public": -1543391.875,
        "ruralare": -36635.109375,
        "largcity": 132763.140625,
        "market": 3325106176.0,
        "marketw": -9430288.0
    },
    "model_info": {
        "n_features": 21,
        "n_samples_train": 72000,
        "n_samples_test": 18000,
        "n_outliers": 21,
        "huber_k": 1.345,
        "train_loss": 271522624.0,
        "train_mae": 7783.74609375,
        "val_loss": 269985824.0,
        "val_mae": 7764.04150390625,
        "train_r2": -144004.390625,
        "test_r2": -35999.0859375
    }
}