{
  "SMA": {
    "method": "MUNO",
    "pos": {
      "johnsonSU_has_result": true,
      "gamma": 0.016518814489245415,
      "delta": 0.7511183619499207,
      "xi": 950687.75,
      "lambda": 15007817.0
    },
    "neg": {
      "johnsonSU_has_result": false,
      "weights": [
        9.151115955319256e-05,
        2.3320494335621333e-07,
        0.9999082088470459
      ],
      "means": [
        -68860133376.0,
        -25579786240.0,
        6307840.0
      ],
      "stds": [
        33232187392.0,
        18697261056.0,
        8.607318344392814e-27
      ]
    }
  },
  "EDEPBU": {
    "method": "LLG",
    "johnsonSU_has_result": true,
    "gamma": -0.20124998688697815,
    "delta": 0.7901816368103027,
    "xi": -1070810.625,
    "lambda": 1522234.375
  },
  "IBU": {
    "method": "LLG",
    "johnsonSU_has_result": true,
    "gamma": 0.0472026988863945,
    "delta": 0.7627283334732056,
    "xi": 11312335.0,
    "lambda": 64523228.0
  },
  "dca": {
    "method": "HS",
    "johnsonSU_has_result": true,
    "gamma": -0.11503004282712936,
    "delta": 0.6822280883789062,
    "xi": -41731572.0,
    "lambda": 74831744.0
  },
  "OIBD": {
    "method": "HS",
    "johnsonSU_has_result": true,
    "gamma": -0.09336292743682861,
    "delta": 0.6934110522270203,
    "xi": -3691969.0,
    "lambda": 8522949.0
  },
  "GC": {
    "method": "LSG",
    "pos": {
      "johnsonSU_has_result": false,
      "weights": [
        0.997714638710022,
        1.816758231143467e-05,
        0.002267170697450638
      ],
      "means": [
        -3258304.0,
        900224640.0,
        1426694528.0
      ],
      "stds": [
        71800960.0,
        935572032.0,
        1410781056.0
      ]
    },
    "neg": {
      "johnsonSU_has_result": true,
      "gamma": 0.2091689109802246,
      "delta": 0.7926163077354431,
      "xi": 8809335.0,
      "lambda": 12110850.0
    }
  },
  "OA": {
    "method": "MUNO",
    "pos": {
      "johnsonSU_has_result": true,
      "gamma": -0.01632888801395893,
      "delta": 0.6698415279388428,
      "xi": -715448.8125,
      "lambda": 8642657.0
    },
    "neg": {
      "johnsonSU_has_result": false,
      "weights": [
        0.0012588449753820896,
        1.1931838344025891e-05,
        0.9987291693687439
      ],
      "means": [
        -589580608.0,
        -216537184.0,
        745760.0
      ],
      "stds": [
        552240000.0,
        268944672.0,
        16733435.0
      ]
    }
  },
  "ROT": {
    "method": "LLG",
    "johnsonSU_has_result": true,
    "gamma": -0.29812031984329224,
    "delta": 0.8887324929237366,
    "xi": -4539011.5,
    "lambda": 5277771.0
  },
  "IMA": {
    "method": "Tobit"
  },
  "TDEPMA": {
    "method": "Tobit"
  },
  "TDEPBU": {
    "method": "Tobit"
  },
  "EDEPMA": {
    "method": "LLG",
    "johnsonSU_has_result": false,
    "weights": [
      0.9999353885650635,
      1.2248669918335509e-06,
      6.338553794194013e-05
    ],
    "means": [
      -60384.0,
      581778624.0,
      941113216.0
    ],
    "stds": [
      18180242.0,
      610825792.0,
      953855744.0
    ]
  },
  "dofa": {
    "method": "LSG",
    "pos": {
      "johnsonSU_has_result": false,
      "weights": [
        0.9999288320541382,
        2.9648316512975725e-07,
        7.086527330102399e-05
      ],
      "means": [
        -52985856.0,
        434326470656.0,
        745891954688.0
      ],
      "stds": [
        9.090175559283926e-28,
        304155099136.0,
        370208768000.0
      ]
    },
    "neg": {
      "johnsonSU_has_result": false,
      "weights": [
        0.0006440337165258825,
        6.943719654373126e-06,
        0.999349057674408
      ],
      "means": [
        -17620987904.0,
        -6382999552.0,
        11399168.0
      ],
      "stds": [
        16892238848.0,
        8029990912.0,
        276077056.0
      ]
    }
  },
  "dll": {
    "method": "LLN",
    "johnsonSU_has_result": false,
    "weights": [
      0.9999716281890869,
      1.1594413251714286e-07,
      2.8298067263676785e-05
    ],
    "means": [
      -20217856.0,
      404594425856.0,
      713658335232.0
    ],
    "stds": [
      1.1805778766142716e-26,
      277696151552.0,
      317277863936.0
    ]
  },
  "dcl": {
    "method": "HS",
    "johnsonSU_has_result": false,
    "weights": [
      0.9999626874923706,
      5.080057121631398e-07,
      3.681502857943997e-05
    ],
    "means": [
      -817152.0,
      13073036288.0,
      21994790912.0
    ],
    "stds": [
      288442912.0,
      15726695424.0,
      26470903808.0
    ]
  },
  "dsc": {
    "method": "LSG",
    "pos": {
      "johnsonSU_has_result": false,
      "weights": [
        0.999768078327179,
        1.5272040627678507e-06,
        0.0002303751971339807
      ],
      "means": [
        -5478400.0,
        14246115328.0,
        23680221184.0
      ],
      "stds": [
        1387.922119140625,
        12103138304.0,
        18274058240.0
      ]
    },
    "neg": {
      "johnsonSU_has_result": false,
      "weights": [
        0.0040563903748989105,
        2.8659160307142884e-05,
        0.9959149956703186
      ],
      "means": [
        -1766480128.0,
        -634626304.0,
        7213184.0
      ],
      "stds": [
        1720081792.0,
        853488640.0,
        95158352.0
      ]
    }
  },
  "drr": {
    "method": "LLG",
    "johnsonSU_has_result": false,
    "weights": [
      0.999948263168335,
      2.1473664446602925e-07,
      5.152836820343509e-05
    ],
    "means": [
      -8658944.0,
      96579993600.0,
      167665369088.0
    ],
    "stds": [
      6.375270694622971e-27,
      67308249088.0,
      82499452928.0
    ]
  },
  "FI": {
    "method": "LLG",
    "johnsonSU_has_result": false,
    "weights": [
      0.9998447895050049,
      1.5762213934067404e-06,
      0.00015359085227828473
    ],
    "means": [
      -873472.0,
      3441517824.0,
      5648576512.0
    ],
    "stds": [
      76587080.0,
      3552043008.0,
      5714834432.0
    ]
  },
  "FE": {
    "method": "LLG",
    "johnsonSU_has_result": false,
    "weights": [
      0.9996894598007202,
      3.3992755561484955e-06,
      0.00030712885200046003
    ],
    "means": [
      -411712.0,
      820530816.0,
      1331054720.0
    ],
    "stds": [
      23498868.0,
      938008192.0,
      1534139520.0
    ]
  },
  "ZPF": {
    "method": "LLG",
    "johnsonSU_has_result": false,
    "weights": [
      0.9997370839118958,
      7.364198495452001e-07,
      0.00026221515145152807
    ],
    "means": [
      -795904.0,
      1817939712.0,
      3029013504.0
    ],
    "stds": [
      4.498399963709111e-27,
      1252694144.0,
      1568929920.0
    ]
  },
  "dour": {
    "method": "MUNO",
    "pos": {
      "johnsonSU_has_result": false,
      "weights": [
        0.9995185136795044,
        2.0592724467860535e-06,
        0.00047947425628080964
      ],
      "means": [
        -1984128.0,
        2516939776.0,
        4125441024.0
      ],
      "stds": [
        1.770526432665065e-05,
        1912481280.0,
        2629252096.0
      ]
    },
    "neg": {
      "johnsonSU_has_result": false,
      "weights": [
        0.0005091061466373503,
        6.8903109422535636e-06,
        0.9994839429855347
      ],
      "means": [
        -486518880.0,
        -176072096.0,
        249056.0
      ],
      "stds": [
        466920064.0,
        225627840.0,
        13024820.0
      ]
    }
  },
  "TL": {
    "method": "LLN",
    "johnsonSU_has_result": false,
    "weights": [
      0.99964439868927,
      4.542801434581634e-06,
      0.00035107016447000206
    ],
    "means": [
      -123168.0,
      217241888.0,
      347970592.0
    ],
    "stds": [
      9462402.0,
      222003520.0,
      342785984.0
    ]
  },
  "OTA": {
    "method": "MUNO",
    "pos": {
      "johnsonSU_has_result": false,
      "weights": [
        0.9999046325683594,
        9.45241652061668e-07,
        9.441002475796267e-05
      ],