{
    "coefficients": {
        "Intercept": 1685351.75,
        "sumcasht_1": 0.0023001618683338165,
        "diffcasht_1": 0.0006450565415434539,
        "ddmpat_1": 0.07445256412029266,
        "ddmpat_12": -1.5462489955098135e-08,
        "DIMA": -9810.9189453125,
        "DIBU": 2452558.0,
        "Ddofa": 2184578.0,
        "Ddll": 878484.3125,
        "realr": 1546.309326171875,
        "FAAB": -4293336.0,
        "Public": 9963167.0,
        "ruralare": -518439.40625,
        "largcity": 699909.5,
        "market": 241157408.0,
        "marketw": 253828.546875
    },
    "model_info": {
        "n_features": 15,
        "n_samples_train": 7989,
        "n_samples_test": 1998,
        "n_outliers": 15,
        "huber_k": 1.345,
        "train_loss": 57533464576.0,
        "train_mae": 433088.71875,
        "val_loss": 66360565760.0,
        "val_mae": 546044.0625,
        "train_r2": -15620.3515625,
        "test_r2": -3900.0625
    }
}