{
  "coefficients": {
    "Intercept": 1.8112207651138306,
    "sumcasht_1": 1.1166463309564278e-09,
    "diffcasht_1": 4.377689322154765e-10,
    "ddmpat_1": 1.9147132661601063e-06,
    "ddmpat_12": 1.4373391366007127e-11,
    "ddmpat_13": -8.520754190925999e-15,
    "DIMA": 0.03420741856098175,
    "DIBU": -0.3920164704322815,
    "Ddofa": -0.6129851341247559,
    "Ddll": -0.14190074801445007,
    "realr": 0.12309014797210693,
    "FAAB": -0.18880319595336914,
    "Public": 0.06177806854248047,
    "ruralare": 0.0790712907910347,
    "largcity": -0.05595158040523529,
    "market": -1.182387351989746,
    "marketw": -562.609375
  },
  "model_info": {
    "estimator": "binary_cloglog_irls_tf_model",
    "link_function": "complementary_log_log",
    "method": "iteratively_reweighted_least_squares",
    "framework": "tensorflow_keras_model",
    "optimization": "irls_with_early_stopping",
    "n_features": 16,
    "n_samples_train": 72000,
    "n_samples_test": 18000,
    "train_accuracy": 0.8899444444444444,
    "test_accuracy": 0.8853888888888889,
    "final_train_loss": 0.3313000202178955,
    "final_val_loss": 0.34058859944343567,
    "final_train_accuracy": 0.8899444341659546,
    "final_val_accuracy": 0.8853889107704163
  }
}