{
    "coefficients": {
        "Intercept": 359753.71875,
        "ddmcasht_1": -0.003913350403308868,
        "ddmcasht_12": 2.914880359652927e-12,
        "DIMA": 176588.625,
        "DIBU": 121978.1875,
        "Ddofa": 75100.265625,
        "Ddll": -406168.28125,
        "Ddsc": 687893.25,
        "realr": 127226.0390625,
        "FAAB": -809728.5625,
        "Public": 19292142.0,
        "ruralare": -41715.453125,
        "largcity": 97428.0078125,
        "market": -1668256256.0,
        "marketw": 893652544.0
    },
    "model_info": {
        "n_features": 14,
        "n_samples_train": 72000,
        "n_samples_test": 18000,
        "n_outliers": 14,
        "huber_k": 1.345,
        "train_loss": 7200147767296.0,
        "train_mae": 4040797.25,
        "val_loss": 7188977287168.0,
        "val_mae": 4011074.0,
        "train_r2": -159638.953125,
        "test_r2": -39928.87109375
    }
}