{
  "coefficients": {
    "Intercept": 0.6719608306884766,
    "I_BUt": 3.093404643550457e-09,
    "EDEPMAt": 2.1351743484387953e-08,
    "EDEPMAt2": -3.99525535945593e-15,
    "SMAt": -1.2255839010322234e-08,
    "I_MAt": 1.0698471442083246e-08,
    "I_MAt2": 1.434019368163242e-16,
    "EDEPBUt": 4.972727651875175e-08,
    "EDEPBUt2": -1.777586053613306e-14,
    "dcat": -2.674957499948505e-08,
    "dcat2": 1.8830749439412934e-16,
    "dofat": 5.218225851422176e-11,
    "OFAt_1": 1.0194867172685917e-10,
    "CAt_1": -5.53086465515662e-11,
    "MAt_1": 6.82604195390013e-10,
    "BUt_1": 2.6218316406811937e-09,
    "realr": -0.5851221084594727,
    "FAAB": 0.08542680740356445,
    "Public": 0.8947906494140625,
    "ruralare": 0.008833646774291992,
    "largcity": 0.07124757766723633,
    "market": -5.4803900718688965,
    "marketw": 216.125
  },
  "model_info": {
    "estimator": "binary_cloglog_irls_tf_model",
    "link_function": "complementary_log_log",
    "method": "iteratively_reweighted_least_squares",
    "framework": "tensorflow_keras_model",
    "optimization": "irls_with_early_stopping",
    "n_features": 22,
    "n_samples_train": 72000,
    "n_samples_test": 18000,
    "train_accuracy": 0.9422083333333333,
    "test_accuracy": 0.943,
    "final_train_loss": 0.1966967135667801,
    "final_val_loss": 0.1996719092130661,
    "final_train_accuracy": 0.9422083497047424,
    "final_val_accuracy": 0.9430000185966492
  }
}