{
    "coefficients": {
        "Intercept": 127994.953125,
        "I_BUt": 0.00945685338228941,
        "EDEPMAt": -0.05445205047726631,
        "EDEPMAt2": 4.065000835939969e-10,
        "SMAt": 0.013583815656602383,
        "I_MAt": -0.0109138498082757,
        "I_MAt2": 1.4404759503261477e-11,
        "EDEPBUt": -0.30668410658836365,
        "EDEPBUt2": 3.743247933840621e-09,
        "dcat": 0.024202534928917885,
        "dcat2": -5.7335546900516565e-12,
        "dofat": 0.041423726826906204,
        "OFAt_1": 0.04182293638586998,
        "CAt_1": 0.024987637996673584,
        "MAt_1": -0.013304741121828556,
        "BUt_1": 0.009183146990835667,
        "realr": 1377.1038818359375,
        "FAAB": 108342.65625,
        "Public": 1008490.375,
        "ruralare": -27085.40625,
        "largcity": -13538.5927734375,
        "market": -2676108288.0,
        "marketw": -258530704.0
    },
    "model_info": {
        "n_features": 22,
        "n_samples_train": 72000,
        "n_samples_test": 18000,
        "n_outliers": 22,
        "huber_k": 1.345,
        "train_loss": 11872966656.0,
        "train_mae": 267927.75,
        "val_loss": 13205971968.0,
        "val_mae": 309899.8125,
        "train_r2": -142340.765625,
        "test_r2": -35644.84765625
    }
}