{
  "coefficients": {
    "Intercept": 0.4772682189941406,
    "I_BUt": -1.1554448064998724e-08,
    "EDEPMAt": 3.2042464681580896e-08,
    "SMAt": -2.3407551452692132e-09,
    "I_MAt": 1.3059775483270641e-09,
    "EDEPBUt": 1.0481926437932998e-09,
    "OFAt_1": -1.6720491657906678e-10,
    "MAt_1": 7.057678885757923e-10,
    "BUt_1": 3.951903693177883e-09,
    "LLt_1": -1.2897194423544533e-10,
    "sumcaclt_1": 3.708606755026267e-10,
    "diffcaclt_1": 1.435338958799548e-09,
    "sumdcadclt": -5.042295470047975e-10,
    "diffdcadclt": -3.890409061568789e-08,
    "sumdofadllt": 1.1925926912681462e-09,
    "diffdofadllt": -1.2329941512234655e-09,
    "realr": 0.2938694953918457,
    "FAAB": 0.1813197135925293,
    "Public": 0.6353836059570312,
    "ruralare": 0.11371982097625732,
    "largcity": -0.09710907936096191,
    "market": -3.4997177124023438,
    "marketw": 37.5625
  },
  "model_info": {
    "estimator": "binary_cloglog_irls_tf_model",
    "link_function": "complementary_log_log",
    "method": "iteratively_reweighted_least_squares",
    "framework": "tensorflow_keras_model",
    "optimization": "irls_with_early_stopping",
    "n_features": 22,
    "n_samples_train": 72000,
    "n_samples_test": 18000,
    "train_accuracy": 0.9375138888888889,
    "test_accuracy": 0.9402222222222222,
    "final_train_loss": 0.2177830934524536,
    "final_val_loss": 0.20970936119556427,
    "final_train_accuracy": 0.9375138878822327,
    "final_val_accuracy": 0.9402222037315369
  }
}