{
    "coefficients": {
        "Intercept": 15522.5087890625,
        "sumcasht_1": -2.8239976018085144e-05,
        "diffcasht_1": -7.851383998058736e-06,
        "PALLOt_1": 0.0031798186246305704,
        "ddmpat_1": -0.40388223528862,
        "DTDEPMA": 496.3658752441406,
        "realr": -3979.60107421875,
        "FAAB": 13124.6923828125,
        "Public": -24240.32421875,
        "ruralare": -2553.47900390625,
        "largcity": -6406.8134765625,
        "market": 9093887.0,
        "marketw": 202444704.0
    },
    "model_info": {
        "n_features": 12,
        "n_samples_train": 72000,
        "n_samples_test": 18000,
        "n_outliers": 12,
        "huber_k": 1.345,
        "train_loss": 5461024256.0,
        "train_mae": 179966.03125,
        "val_loss": 5269962240.0,
        "val_mae": 176356.53125,
        "train_r2": -80814.7734375,
        "test_r2": -20266.501953125
    }
}