{
    "coefficients": {
        "Intercept": 1039455.875,
        "sumcasht_1": 0.0002511031925678253,
        "diffcasht_1": -5.9969257563352585e-05,
        "ddmpat_1": 0.014506135135889053,
        "ddmpat_12": 2.3659159964495302e-08,
        "DTDEPMA": 461101.96875,
        "DZPF": 63315.5625,
        "realr": -312.9695129394531,
        "FAAB": -1186300.25,
        "Public": 4039020.5,
        "ruralare": -53933.875,
        "largcity": 194702.765625,
        "market": 134530416.0,
        "marketw": -683760.375
    },
    "model_info": {
        "n_features": 13,
        "n_samples_train": 26083,
        "n_samples_test": 6521,
        "n_outliers": 13,
        "huber_k": 1.345,
        "train_loss": 82.61380004882812,
        "train_mae": 10.962146759033203,
        "val_loss": 82.61859130859375,
        "val_mae": 10.937445640563965,
        "train_r2": -52164.60546875,
        "test_r2": -13040.9853515625
    }
}