{
    "coefficients": {
        "Intercept": -330818.28125,
        "sumcasht_1": -0.007020005024969578,
        "diffcasht_1": -0.0017900016391649842,
        "ddmpat_1": -0.0004431435081642121,
        "DTDEPMA": 5239.09521484375,
        "DZPF": 49005.49609375,
        "realr": -116.94699096679688,
        "FAAB": 128361.78125,
        "Public": -315252.8125,
        "ruralare": 7923.53076171875,
        "largcity": -28113.017578125,
        "market": -4906913.5,
        "marketw": 37603.78515625
    },
    "model_info": {
        "n_features": 12,
        "n_samples_train": 4435,
        "n_samples_test": 1109,
        "n_outliers": 12,
        "huber_k": 1.345,
        "train_loss": 18750776.0,
        "train_mae": 6791.12890625,
        "val_loss": 19429116.0,
        "val_mae": 7874.294921875,
        "train_r2": -8837.0966796875,
        "test_r2": -2197.223388671875
    }
}