{
    "coefficients": {
        "Intercept": 573097.875,
        "OIBDt": 0.42566660046577454,
        "OIBDt2": -3.814275473246198e-08,
        "FIt": 0.24553824961185455,
        "FEt": 0.19585314393043518,
        "TDEPMAt": -0.17822983860969543,
        "TDEPMAt2": 2.0480843687664674e-08,
        "EDEPBUt": -0.3394974172115326,
        "EDEPBUt2": -1.5900106120625424e-07,
        "ZPFt": 0.07444403320550919,
        "dourt": -0.037674520164728165,
        "dgnp": 0.20036371052265167,
        "FAAB": -1596795.875,
        "Public": 2803601.0,
        "ruralare": -176519.8125,
        "largcity": 504062.625,
        "market": -236203856.0,
        "marketw": -10690619392.0
    },
    "model_info": {
        "n_features": 17,
        "n_samples_train": 22227,
        "n_samples_test": 5557,
        "n_outliers": 17,
        "huber_k": 1.345,
        "train_loss": 3237796118528.0,
        "train_mae": 2176414.0,
        "val_loss": 3014309183488.0,
        "val_mae": 2108144.75,
        "train_r2": -41023.65625,
        "test_r2": -10257.6611328125
    }
}