{
  "coefficients": {
    "Intercept": 0.22516822814941406,
    "OIBDt": -5.679552828041778e-07,
    "OIBDt2": -7.047462775438022e-15,
    "FIt": -7.036243232505512e-08,
    "FEt": 9.04497028386686e-08,
    "TDEPMAt": 5.701884902009624e-07,
    "TDEPMAt2": 8.452962756025448e-15,
    "EDEPBUt": 2.3805582713976037e-06,
    "EDEPBUt2": -7.760464363140707e-13,
    "ZPFt": 1.72536957165903e-07,
    "dourt": -7.704294979760107e-09,
    "dgnp": 2.071993776553427e-08,
    "FAAB": 0.5638273358345032,
    "Public": -2.206947088241577,
    "ruralare": 0.0606241449713707,
    "largcity": -0.5472773313522339,
    "market": 0.4375,
    "marketw": 2172.28125
  },
  "model_info": {
    "estimator": "binary_cloglog_irls_tf_model",
    "link_function": "complementary_log_log",
    "method": "iteratively_reweighted_least_squares",
    "framework": "tensorflow_keras_model",
    "optimization": "irls_with_early_stopping",
    "n_features": 17,
    "n_samples_train": 72000,
    "n_samples_test": 18000,
    "train_accuracy": 0.8254166666666667,
    "test_accuracy": 0.8249444444444445,
    "final_train_loss": 0.5180404186248779,
    "final_val_loss": 0.5172748565673828,
    "final_train_accuracy": 0.8220323920249939,
    "final_val_accuracy": 0.8214946985244751
  }
}