{
  "coefficients": {
    "Intercept": 0.17516517639160156,
    "I_MAt_1": 6.456932766241152e-08,
    "I_MAt_12": -3.035283697695951e-15,
    "EDEPBUt_1": -2.4514207552783773e-07,
    "EDEPBUt_12": 2.549117601030604e-13,
    "FAAB": 0.3765392601490021,
    "Public": 0.11315929889678955,
    "ruralare": 0.12332900613546371,
    "largcity": -0.146659255027771,
    "market": 0.9375
  },
  "model_info": {
    "estimator": "binary_cloglog_irls_tf_model",
    "link_function": "complementary_log_log",
    "method": "iteratively_reweighted_least_squares",
    "framework": "tensorflow_keras_model",
    "optimization": "irls_with_early_stopping",
    "n_features": 9,
    "n_samples_train": 72000,
    "n_samples_test": 18000,
    "train_accuracy": 0.8010833333333334,
    "test_accuracy": 0.8022777777777778,
    "final_train_loss": 0.47832998633384705,
    "final_val_loss": 0.4789092540740967,
    "final_train_accuracy": 0.8010852932929993,
    "final_val_accuracy": 0.8023015856742859
  }
}