{
    "Intercept": 0.17500877380371094,
    "I_MAt_1": 6.4571125335533e-08,
    "I_MAt_12": -3.0353476486834688e-15,
    "EDEPBUt_1": -2.4511160745532834e-07,
    "EDEPBUt_12": 2.5488465504874824e-13,
    "FAAB": 0.3765067458152771,
    "Public": 0.11315561830997467,
    "ruralare": 0.12331604957580566,
    "largcity": -0.1466485559940338,
    "market": 6.0
}