{
    "Intercept": 360612.21875,
    "diffcasht_1": -3.746724178199656e-05,
    "TDEPMAt_1": 0.54255211353302,
    "MAt_1": 0.029025210067629814,
    "I_MAt_1": 0.055923350155353546,
    "FAAB": -236994.9375,
    "Public": 509191.5,
    "market": 145381552.0,
    "marketw": 74034248.0
}