{
    "coefficients": {
        "Intercept": -34904.49609375,
        "OIBDt": 0.02076246589422226,
        "OIBDt2": 1.0841479936019027e-09,
        "FIt": 0.01310899667441845,
        "FIt2": -1.384110326352328e-10,
        "FEt": -4.150556560489349e-05,
        "FEt2": -3.490033262387726e-10,
        "TDEPMAt": -0.012713373638689518,
        "TDEPMAt2": -2.2291644086180895e-09,
        "EDEPBUt": -0.052983757108449936,
        "EDEPBUt2": -1.9658575212133655e-08,
        "dourt": 0.030378399416804314,
        "dourt2": -4.945945875078905e-09,
        "ZPFt": -0.06156283989548683,
        "PALLOt_1": 0.01781468279659748,
        "dgnp": -0.0033757046330720186,
        "FAAB": 56588.296875,
        "Public": 196887.234375,
        "ruralare": -18492.384765625,
        "largcity": -680.8822631835938,
        "market": -76971032.0,
        "marketw": 302146240.0
    },
    "model_info": {
        "n_features": 21,
        "n_samples_train": 72000,
        "n_samples_test": 18000,
        "n_outliers": 21,
        "huber_k": 1.345,
        "train_loss": 81251598336.0,
        "train_mae": 329184.5625,
        "val_loss": 80374177792.0,
        "val_mae": 328268.875,
        "train_r2": -78562.875,
        "test_r2": -19579.552734375
    }
}