{
    "coefficients": {
        "Intercept": -1406018.5,
        "PALLOt_1": 0.5766005516052246,
        "ZPFt": -0.39160436391830444,
        "TDEPMAt": 0.2402971088886261,
        "OIBDt": -0.2254999876022339,
        "OIBDt2": -1.8754107641849593e-11,
        "EDEPBUt": -0.7811399698257446,
        "EDEPBUt2": 9.300097914000105e-10,
        "dourt": 0.14809882640838623,
        "TLt": -0.0059607676230371,
        "FIt": -0.9499985575675964,
        "FEt": 0.7590098977088928,
        "dgnp": -8.64596131577855e-07,
        "FAAB": 1501967.625,
        "Public": 2319013.0,
        "ruralare": -15828.072265625,
        "largcity": -718391.5625,
        "market": 266838784.0,
        "marketw": -6382684.0
    },
    "model_info": {
        "n_features": 18,
        "n_samples_train": 44275,
        "n_samples_test": 11069,
        "n_outliers": 18,
        "huber_k": 1.345,
        "train_loss": 5775.74853515625,
        "train_mae": 76.51791381835938,
        "val_loss": 5807.1484375,
        "val_mae": 76.56800842285156,
        "train_r2": -88548.625,
        "test_r2": -22137.048828125
    }
}