{
    "coefficients": {
        "Intercept1": -0.04552243649959564,
        "Intercept2": 0.7568759322166443,
        "PALLOt_1": 1.8288856651338392e-08,
        "ZPFt": 3.9948510277554306e-08,
        "TDEPMAt": 3.302169915286868e-08,
        "TDEPMAt2": -2.7967973362317666e-15,
        "OIBDt": -1.0482500201192124e-08,
        "OIBDt2": -4.229914190789709e-16,
        "EDEPBUt": -1.6002616121113533e-07,
        "EDEPBUt2": 7.567546849579498e-14,
        "dourt": -8.630984815738429e-10,
        "TLt": -1.389451043110057e-08,
        "FIt": -1.710856878389677e-08,
        "FEt": 2.975044210984379e-08,
        "dgnp": -2.110420282974701e-09,
        "FAAB": -0.03388029336929321,
        "Public": -0.10423906147480011,
        "ruralare": 0.03335100784897804,
        "largcity": -0.06220081076025963,
        "market": 33.70566940307617,
        "marketw": 6982.4462890625
    },
    "model_info": {
        "n_features": 19,
        "n_samples_train": 72000,
        "n_samples_test": 18000,
        "train_accuracy": 0.6158888936042786,
        "train_loss": 0.9570856690406799,
        "val_accuracy": 0.6133888959884644,
        "val_loss": 0.9582509994506836
    }
}