{
  "coefficients": {
    "Intercept": -4.2664337158203125,
    "sumallozpft": 6.095569915487431e-08,
    "diffallozpft": -6.07678884989582e-08,
    "TDEPMAt": -5.5613782024011016e-08,
    "TDEPMAt2": 2.5376293948109474e-15,
    "OIBDt": -1.3662429410032928e-08,
    "OIBDt2": 7.36261366544172e-15,
    "EDEPBUt": 2.058441168628633e-07,
    "EDEPBUt2": -2.8695709003434544e-13,
    "OTAt": -1.1885106232512044e-08,
    "OTAt2": -2.8303097712734093e-16,
    "TDEPBUt": 1.2269538274267688e-08,
    "TDEPBUt2": -4.591731725747672e-15,
    "dourt": 9.941203416019562e-09,
    "TLt": -8.54322479426628e-09,
    "FIt": 6.598838808713481e-09,
    "FEt": -1.1180418368894607e-08,
    "dgnp": 1.1243992048548535e-07,
    "FAAB": -0.5994472503662109,
    "Public": 0.6162261962890625,
    "ruralare": -0.389129638671875,
    "largcity": -0.08600616455078125,
    "market": -0.265625,
    "marketw": -129.46875
  },
  "model_info": {
    "estimator": "binary_cloglog_irls_tf_model",
    "link_function": "complementary_log_log",
    "method": "iteratively_reweighted_least_squares",
    "framework": "tensorflow_keras_model",
    "optimization": "irls_with_early_stopping",
    "n_features": 23,
    "n_samples_train": 72000,
    "n_samples_test": 18000,
    "train_accuracy": 0.9875972222222222,
    "test_accuracy": 0.9868333333333333,
    "final_train_loss": 0.083170086145401,
    "final_val_loss": 0.08620192110538483,
    "final_train_accuracy": 0.9875972270965576,
    "final_val_accuracy": 0.9868333339691162
  }
}