{
  "coefficients": {
    "TDEPMAt_1": -0.26031824946403503,
    "EDEPMAt": -42.0103874206543,
    "EDEPBUt_1": 0.12413948774337769,
    "EDEPBUt_12": -0.6262014508247375,
    "ddmtdmt_1": -0.36380624771118164,
    "FAAB": 0.1500159502029419,
    "Public": -0.3259114921092987
  },
  "cutoffs": [
    -3.5573601722717285,
    0.48526543378829956
  ],
  "model_info": {
    "estimator": "multinomial_cloglog_newton_raphson_tf_model",
    "link_function": "complementary_log_log",
    "method": "newton_raphson_with_hessian",
    "framework": "tensorflow_keras_model",
    "optimization": "second_order_newton_raphson",
    "n_features": 7,
    "n_categories": 3,
    "n_samples_train": 72000,
    "n_samples_test": 18000,
    "train_accuracy": 0.08665277777777777,
    "test_accuracy": 0.08911111111111111,
    "final_train_loss": 1512254.25,
    "final_val_loss": 20.423189163208008,
    "final_train_accuracy": 0.2874671220779419,
    "final_val_accuracy": 0.010261110961437225
  }
}