{
    "coefficients": {
        "Intercept": -518151.0625,
        "sumcasht_1": -4.680869460571557e-05,
        "diffcasht_1": 4.9089547246694565e-05,
        "sumcaclt_1": -3.20492144965101e-05,
        "diffcaclt_1": -7.933436427265406e-05,
        "TDEPMAt_1": 0.0018803644925355911,
        "EDEPMAt": -4.3434858322143555,
        "EDEPMAt2": -1.5236771913618163e-11,
        "MAt_1": 0.9754095673561096,
        "I_BUt_1": 0.0007637368398718536,
        "EDEPBUt_1": 0.050248514860868454,
        "EDEPBUt_12": -1.2841251395556696e-09,
        "ddmtdmt_1": 0.05216643586754799,
        "ddmpat_1": -0.023646261543035507,
        "dgnp": -0.0003295652859378606,
        "FAAB": -401751.78125,
        "Public": 591284.1875,
        "ruralare": -142933.765625,
        "largcity": 255346.21875,
        "market": 28564530.0,
        "marketw": -30156724.0
    },
    "model_info": {
        "n_features": 20,
        "n_samples_train": 22062,
        "n_samples_test": 5516,
        "n_outliers": 20,
        "huber_k": 1.345,
        "train_loss": 13530921.0,
        "train_mae": 5419.22607421875,
        "val_loss": 11478070.0,
        "val_mae": 4721.66064453125
    }
}