{
    "coefficients": {
        "Intercept1": -2.716907024383545,
        "Intercept2": 0.12525732815265656,
        "TDEPMAt_1": 3.673969786177622e-07,
        "EDEPMAt": -3.9442005572709604e-07,
        "EDEPBUt_1": -2.1614106060496852e-07,
        "EDEPBUt_12": 2.101529535244659e-13,
        "ddmtdmt_1": 2.3658256509406783e-07,
        "FAAB": 0.09413813799619675,
        "Public": -0.04900079965591431
    },
    "model_info": {
        "n_features": 7,
        "n_samples_train": 72000,
        "n_samples_test": 18000,
        "train_accuracy": 0.6810017228126526,
        "train_loss": 0.7710557579994202,
        "val_accuracy": 0.6790139079093933,
        "val_loss": 0.7726613283157349
    }
}