{
    "coefficients": {
        "Intercept": 2.306052692802041e-06,
        "sumcasht_1": -2.4138813752280015e-16,
        "diffcasht_1": 3.539313141118905e-16,
        "EDEPMAt": 4.476102106153179e-13,
        "MAt_1": -2.5125732115542643e-13,
        "I_BUt_1": 4.530791432137693e-13,
        "I_BUt_12": -1.943037242246832e-20,
        "EDEPBUt_1": -1.8259296798075336e-13,
        "EDEPBUt_12": 4.525683492097196e-19,
        "ddmtdmt_1": -3.8786622568245943e-13,
        "dcat_1": 1.0552496376714515e-12,
        "ddmpat_1": -1.928562561384628e-12,
        "ddmpat_12": -9.488558200913116e-18,
        "dclt_1": -9.455960320314816e-13,
        "dclt_12": 3.870518238319482e-21,
        "dgnp": 4.794912229310992e-14,
        "FAAB": 5.404550051935075e-07,
        "Public": -5.3685466809838545e-06,
        "ruralare": 1.3591743197594042e-07,
        "largcity": -2.444235747134371e-07,
        "market": 0.0010752141242846847,
        "marketw": -0.003518549492582679
    },
    "model_info": {
        "n_features": 21,
        "n_samples_train": 49937,
        "n_samples_test": 12485,
        "n_outliers": 21,
        "huber_k": 1.345,
        "train_loss": 5832906240.0,
        "train_mae": 401415.21875,
        "val_loss": 5981995520.0,
        "val_mae": 404955.75
    }
}