{
    "coefficients": {
        "Intercept": -1780352.5,
        "LogScale": 15.572407722473145,
        "Scale": 5794430.308325219,
        "sumcasht_1": -0.0037613040767610073,
        "diffcasht_1": -0.0008061446715146303,
        "smat": 0.07084746658802032,
        "I_BUt_1": 0.0995342954993248,
        "EDEPBUt_1": 0.20266926288604736,
        "EDEPBUt_12": -1.926128305740349e-07,
        "EDEPMAt": 1.855742335319519,
        "TDEPMAt_1": -0.6509733200073242,
        "TDEPMAt_12": 3.076442656180234e-09,
        "ddmtdmt_1": -0.20120346546173096,
        "dcat_1": 0.32819318771362305,
        "ddmpat_1": -2.174684524536133,
        "ddmpat_12": -0.0009442206937819719,
        "dclt_1": -0.2647891938686371,
        "dgnp": -0.05870383232831955,
        "FAAB": 715060.5625,
        "Public": -2405108.0,
        "ruralare": 238404.34375,
        "largcity": -474705.5,
        "market": -1005705024.0,
        "marketw": 26541846528.0
    },
    "model_info": {
        "n_features": 21,
        "n_samples_train": 72000,
        "n_samples_test": 18000,
        "n_outliers": 21,
        "train_loss": 8.444145202636719,
        "val_loss": 8.46756649017334
    }
}