{
  "coefficients": {
    "Intercept": 1.2207870483398438,
    "sumcasht_1": -7.317506600656998e-10,
    "diffcasht_1": -2.308868651823559e-10,
    "EDEPMAt": 1.9803181317001872e-09,
    "EDEPMAt2": 7.701342141048714e-16,
    "SMAt": -1.5129998587326554e-08,
    "IMAt": -2.1288499851834786e-09,
    "EDEPBUt": 4.257182126821135e-07,
    "EDEPBUt2": -9.90587820104416e-14,
    "dcat_1": -1.5449188595084706e-09,
    "ddmpat_1": 2.626138666528277e-07,
    "ddmpat_12": -3.016427108093467e-10,
    "dclt_1": 2.8863951229141094e-09,
    "dgnp": -3.5260551811688856e-08,
    "FAAB": -0.09345865249633789,
    "Public": -0.8872385025024414,
    "ruralare": 0.2392561435699463,
    "largcity": -0.5428867340087891,
    "market": 0.3125,
    "marketw": 6438.515625
  },
  "model_info": {
    "estimator": "binary_cloglog_irls_tf_model",
    "link_function": "complementary_log_log",
    "method": "iteratively_reweighted_least_squares",
    "framework": "tensorflow_keras_model",
    "optimization": "irls_with_early_stopping",
    "n_features": 19,
    "n_samples_train": 72000,
    "n_samples_test": 18000,
    "train_accuracy": 0.874,
    "test_accuracy": 0.8745555555555555,
    "final_train_loss": 0.32660678029060364,
    "final_val_loss": 0.32490119338035583,
    "final_train_accuracy": 0.8739884495735168,
    "final_val_accuracy": 0.8745370507240295
  }
}