{
    "coefficients": {
        "Intercept": 4377830.5,
        "sumcasht_1": -0.0015500406734645367,
        "diffcasht_1": -0.0003699987137224525,
        "sumcaclt_1": -0.00036968226777389646,
        "diffcaclt_1": -0.002100215293467045,
        "EDEPMAt": -0.23619209229946136,
        "EDEPMAt2": 3.453566946309827e-11,
        "SMAt": -0.1642998456954956,
        "IMAt": 0.09729988127946854,
        "EDEPBUt": 2.9552435874938965,
        "EDEPBUt2": -1.383515524366885e-08,
        "ddmpat_1": 0.00791033823043108,
        "dgnp": -8.769782652962022e-06,
        "FAAB": -947442.5625,
        "Public": 77740.53125,
        "ruralare": -442715.53125,
        "largcity": -711532.625,
        "market": 1025270784.0,
        "marketw": 455847.0
    },
    "model_info": {
        "n_features": 18,
        "n_samples_train": 72000,
        "n_samples_test": 18000,
        "n_outliers": 18,
        "huber_k": 1.345,
        "train_loss": 30417305600.0,
        "train_mae": 437455.5,
        "val_loss": 30433538048.0,
        "val_mae": 438488.6875,
        "train_r2": -122801.4453125,
        "test_r2": -30656.99609375
    }
}