{
    "coefficients": {
        "Intercept": -756943.25,
        "sumcasht_1": -0.0016188916051760316,
        "diffcasht_1": -0.0005497083766385913,
        "ddmpat_1": -12.00926685333252,
        "ddmpat_12": -4.32195738540031e-05,
        "DIMA": -51322.984375,
        "DIBU": 0.0,
        "realr": -2252694.5,
        "FAAB": 132201.1875,
        "Public": -121410.140625,
        "ruralare": 1001.2892456054688,
        "largcity": 221689.765625,
        "market": 397678.96875,
        "marketw": 3824524032.0
    },
    "model_info": {
        "n_features": 13,
        "n_samples_train": 173,
        "n_samples_test": 44,
        "n_outliers": 13,
        "huber_k": 1.345,
        "train_loss": 137578741760.0,
        "train_mae": 442959.0,
        "val_loss": 173586350080.0,
        "val_mae": 481222.0,
        "train_r2": 0.07003593444824219,
        "test_r2": -0.02067112922668457
    }
}