{
    "coefficients": {
        "Intercept": -750540.5,
        "sumcasht_1": -0.0016253768699243665,
        "diffcasht_1": -0.000561421038582921,
        "ddmpat_1": -8.930567741394043,
        "ddmpat_12": 3.635256871348247e-05,
        "ddmpat_13": -1.619668132946117e-08,
        "DIMA": -51424.98828125,
        "DIBU": 0.0,
        "realr": -2108133.75,
        "FAAB": 128165.625,
        "Public": -123755.8671875,
        "ruralare": 1739.168212890625,
        "largcity": 217264.6875,
        "market": 435608.625,
        "marketw": 3847668736.0
    },
    "model_info": {
        "n_features": 14,
        "n_samples_train": 173,
        "n_samples_test": 44,
        "n_outliers": 14,
        "huber_k": 1.345,
        "train_loss": 134842548224.0,
        "train_mae": 442493.375,
        "val_loss": 172611911680.0,
        "val_mae": 482524.8125,
        "train_r2": 0.06447625160217285,
        "test_r2": -0.035413384437561035
    }
}