{
    "coefficients": {
        "Intercept": 2374457.0,
        "sumcasht_1": -0.006140216253697872,
        "diffcasht_1": 0.00039192094118334353,
        "EDEPMAt": 0.12478533387184143,
        "EDEPMAt2": 9.364379410792267e-11,
        "SMAt": -0.5029005408287048,
        "IMAt": 0.41680020093917847,
        "EDEPBUt": 0.454466849565506,
        "EDEPBUt2": -7.512848121393745e-09,
        "IBUt": 0.019146114587783813,
        "IBUt2": 9.727465360986898e-12,
        "dclt_1": -0.005987186450511217,
        "ddmpat_1": -0.017667019739747047,
        "ddmpat_12": -9.70171001313247e-08,
        "dgnp": -2.6609197448124178e-05,
        "FAAB": -1532934.75,
        "Public": 10225514.0,
        "ruralare": -386034.46875,
        "largcity": 715587.4375,
        "market": -1078686976.0,
        "marketw": 2394490.0
    },
    "model_info": {
        "n_features": 20,
        "n_samples_train": 72000,
        "n_samples_test": 18000,
        "n_outliers": 20,
        "huber_k": 1.345,
        "train_loss": 39967.7265625,
        "train_mae": 132.1224365234375,
        "val_loss": 40352.4375,
        "val_mae": 132.18231201171875,
        "train_r2": -144003.609375,
        "test_r2": -35999.02734375
    }
}