{
    "coefficients": {
        "Intercept": 2399731.75,
        "sumcasht_1": -0.0005649129161611199,
        "diffcasht_1": -0.0012319665402173996,
        "ddmpat_1": -2.648556709289551,
        "ddmpat_12": 0.0006859905552119017,
        "ddmpat_13": 1.9640660653408304e-08,
        "DIMA": 804985.25,
        "DIBU": 622691.75,
        "Ddofa": 525010.1875,
        "realr": 114986.7578125,
        "FAAB": -4076262.5,
        "Public": 11826761.0,
        "ruralare": -112715.359375,
        "largcity": 20914.736328125,
        "market": -783249344.0,
        "marketw": 10329128960.0
    },
    "model_info": {
        "n_features": 15,
        "n_samples_train": 72000,
        "n_samples_test": 18000,
        "n_outliers": 15,
        "huber_k": 1.345,
        "train_loss": 1987851452416.0,
        "train_mae": 1887646.625,
        "val_loss": 1957264490496.0,
        "val_mae": 1873200.125,
        "train_r2": -130241.9609375,
        "test_r2": -32604.23828125
    }
}