{
  "coefficients": {
    "Intercept": -0.42237186431884766,
    "sumcasht_1": -7.808544921772409e-10,
    "diffcasht_1": -2.4290969236062665e-10,
    "ddmpat_1": 1.6233556380029768e-05,
    "ddmpat_12": -2.198665249864007e-09,
    "ddmpat_13": -9.328312861739407e-14,
    "DIMA": 0.34790951013565063,
    "DIBU": 1.0150041580200195,
    "Ddofa": 0.4261714816093445,
    "realr": 0.43181300163269043,
    "FAAB": -2.8934295177459717,
    "Public": 3.4498729705810547,
    "ruralare": 0.11790350079536438,
    "largcity": -0.1853235960006714,
    "market": 0.109375,
    "marketw": -2864.48046875
  },
  "model_info": {
    "estimator": "binary_cloglog_irls_tf_model",
    "link_function": "complementary_log_log",
    "method": "iteratively_reweighted_least_squares",
    "framework": "tensorflow_keras_model",
    "optimization": "irls_with_early_stopping",
    "n_features": 15,
    "n_samples_train": 72000,
    "n_samples_test": 18000,
    "train_accuracy": 0.8923888888888889,
    "test_accuracy": 0.8940555555555556,
    "final_train_loss": 0.3970486521720886,
    "final_val_loss": 0.39480724930763245,
    "final_train_accuracy": 0.8925971984863281,
    "final_val_accuracy": 0.8942278027534485
  }
}