{
    "coefficients": {
        "Intercept": 4028597.0,
        "sumcasht_1": -0.0026345441583544016,
        "diffcasht_1": -0.00032523690606467426,
        "EDEPMAt": -0.11360697448253632,
        "EDEPMAt2": -1.6827911286654285e-10,
        "SMAt": -0.1957346647977829,
        "IMAt": 0.17280855774879456,
        "EDEPBUt": 0.2634414732456207,
        "EDEPBUt2": -3.925152824990619e-08,
        "IBUt": 0.4457765519618988,
        "IBUt2": 1.1404634875367137e-10,
        "ddmpat_1": -0.1216183677315712,
        "ddmpat_12": 1.1842537617212656e-07,
        "ddmpat_13": -2.607803729903768e-12,
        "dcat": 0.6260320544242859,
        "dgnp": -1.1287780580460094e-05,
        "FAAB": -284135.03125,
        "Public": -522236.59375,
        "ruralare": -75104.1875,
        "largcity": 204502.09375,
        "market": 5922685952.0,
        "marketw": 849996.125
    },
    "model_info": {
        "n_features": 21,
        "n_samples_train": 72000,
        "n_samples_test": 18000,
        "n_outliers": 21,
        "huber_k": 1.345,
        "train_loss": 20167896.0,
        "train_mae": 3014.119873046875,
        "val_loss": 20153292.0,
        "val_mae": 3016.785888671875,
        "train_r2": -144017.734375,
        "test_r2": -35998.98828125
    }
}